unidade;ano;mes;altas_ate_10h;saidas;tx_alta_ate_10h
CHPB;2019;1;2;33;0,06060606060606061
CHPB;2019;2;8;36;0,2222222222222222
CHPB;2019;3;4;27;0,14814814814814814
CHPB;2019;4;4;21;0,19047619047619047
CHPB;2019;5;3;37;0,08108108108108109
CHPB;2019;6;9;26;0,34615384615384615
CHPB;2019;7;3;25;0,12
CHPB;2019;8;5;28;0,17857142857142858
CHPB;2019;9;4;32;0,125
CHPB;2019;10;7;39;0,1794871794871795
CHPB;2019;11;3;28;0,10714285714285714
CHPB;2019;12;4;39;0,10256410256410256
CHPB;2020;1;6;43;0,13953488372093023
CHPB;2020;2;5;35;0,14285714285714285
CHPB;2020;3;7;38;0,18421052631578946
CHPB;2020;4;13;28;0,4642857142857143
CHPB;2020;5;11;29;0,3793103448275862
CHPB;2020;6;4;27;0,14814814814814814
CHPB;2020;7;11;34;0,3235294117647059
CHPB;2020;8;10;39;0,2564102564102564
CHPB;2020;9;11;34;0,3235294117647059
CHPB;2020;10;7;29;0,2413793103448276
CHPB;2020;11;5;26;0,19230769230769232
CHPB;2020;12;17;38;0,4473684210526316
CHPB;2021;1;12;52;0,23076923076923078
CHPB;2021;2;7;29;0,2413793103448276
CHPB;2021;3;11;32;0,34375
CHPB;2021;4;5;30;0,16666666666666666
CHPB;2021;5;8;27;0,2962962962962963
CHPB;2021;6;11;34;0,3235294117647059
CHPB;2021;7;11;34;0,3235294117647059
CHPB;2021;8;8;31;0,25806451612903225
CHPB;2021;9;12;34;0,35294117647058826
CHPB;2021;10;11;45;0,24444444444444444
CHPB;2021;11;20;49;0,40816326530612246
CHPB;2021;12;12;38;0,3157894736842105
CHPB;2022;1;12;24;0,5
CHPB;2022;2;11;27;0,4074074074074074
CHPB;2022;3;8;24;0,3333333333333333
CHPB;2022;4;15;38;0,39473684210526316
CHPB;2022;5;10;38;0,2631578947368421
CHPB;2022;6;9;45;0,2
CHPB;2022;7;11;40;0,275
CHPB;2022;8;8;36;0,2222222222222222
CHPB;2022;9;15;37;0,40540540540540543
CHPB;2022;10;11;39;0,28205128205128205
CHPB;2022;11;12;47;0,2553191489361702
CHPB;2022;12;13;40;0,325
CHPB;2023;1;10;41;0,24390243902439024
CHPB;2023;2;19;39;0,48717948717948717
CHPB;2023;3;19;50;0,38
CHPB;2023;4;14;46;0,30434782608695654
CHPB;2023;5;24;59;0,4067796610169492
CHPB;2023;6;9;47;0,19148936170212766
CHPB;2023;7;15;49;0,30612244897959184
CHPB;2023;8;19;44;0,4318181818181818
CHPB;2023;9;7;33;0,21212121212121213
CHPB;2023;10;15;50;0,3
CHPB;2023;11;10;36;0,2777777777777778
CHPB;2023;12;11;48;0,22916666666666666
CHPB;2024;1;11;42;0,2619047619047619
CHPB;2024;2;13;55;0,23636363636363636
CHPB;2024;3;13;35;0,37142857142857144
CHPB;2024;4;27;49;0,5510204081632653
CHPB;2024;5;16;41;0,3902439024390244
CHPB;2024;6;18;43;0,4186046511627907
CHPB;2024;7;18;47;0,3829787234042553
CHPB;2024;8;20;43;0,46511627906976744
CHPB;2024;9;8;45;0,17777777777777778
CHPB;2024;10;20;56;0,35714285714285715
CHPB;2024;11;15;47;0,3191489361702128
CHPB;2024;12;20;57;0,3508771929824561
CHPB;2025;1;10;42;0,23809523809523808
CHPB;2025;2;21;43;0,4883720930232558
CHPB;2025;3;21;49;0,42857142857142855
CHPB;2025;4;30;53;0,5660377358490566
CHPB;2025;5;16;47;0,3404255319148936
CHPB;2025;6;27;55;0,4909090909090909
CHPB;2025;7;14;42;0,3333333333333333
CHPB;2025;8;22;46;0,4782608695652174
CHPB;2025;9;10;31;0,3225806451612903
CHPB;2025;10;22;43;0,5116279069767442
CHPB;2025;11;12;33;0,36363636363636365
CHPB;2025;12;12;40;0,3
CHPB;2026;1;21;44;0,4772727272727273
CHPB;2026;2;19;42;0,4523809523809524
CHPB;2026;3;17;54;0,3148148148148148
CSPD;2019;1;27;33;0,8181818181818182
CSPD;2019;2;24;44;0,5454545454545454
CSPD;2019;3;7;26;0,2692307692307692
CSPD;2019;4;19;38;0,5
CSPD;2019;5;12;36;0,3333333333333333
CSPD;2019;6;12;49;0,24489795918367346
CSPD;2019;7;16;35;0,45714285714285713
CSPD;2019;8;9;37;0,24324324324324326
CSPD;2019;9;20;38;0,5263157894736842
CSPD;2019;10;17;34;0,5
CSPD;2019;11;9;30;0,3
CSPD;2019;12;12;28;0,42857142857142855
CSPD;2020;1;27;45;0,6
CSPD;2020;2;20;47;0,425531914893617
CSPD;2020;3;17;34;0,5
CSPD;2020;4;13;19;0,6842105263157895
CSPD;2020;5;5;20;0,25
CSPD;2020;6;10;23;0,43478260869565216
CSPD;2020;7;8;17;0,47058823529411764
CSPD;2020;8;14;24;0,5833333333333334
CSPD;2020;9;18;31;0,5806451612903226
CSPD;2020;10;13;30;0,43333333333333335
CSPD;2020;11;8;18;0,4444444444444444
CSPD;2020;12;17;32;0,53125
CSPD;2021;1;17;30;0,5666666666666667
CSPD;2021;2;18;28;0,6428571428571429
CSPD;2021;3;19;25;0,76
CSPD;2021;4;22;35;0,6285714285714286
CSPD;2021;5;17;25;0,68
CSPD;2021;6;23;35;0,6571428571428571
CSPD;2021;7;20;30;0,6666666666666666
CSPD;2021;8;17;32;0,53125
CSPD;2021;9;21;35;0,6
CSPD;2021;10;22;27;0,8148148148148148
CSPD;2021;11;29;40;0,725
CSPD;2021;12;19;36;0,5277777777777778
CSPD;2022;1;21;34;0,6176470588235294
CSPD;2022;2;12;25;0,48
CSPD;2022;3;20;32;0,625
CSPD;2022;4;20;40;0,5
CSPD;2022;5;31;52;0,5961538461538461
CSPD;2022;6;16;36;0,4444444444444444
CSPD;2022;7;22;41;0,5365853658536586
CSPD;2022;8;18;43;0,4186046511627907
CSPD;2022;9;22;39;0,5641025641025641
CSPD;2022;10;18;34;0,5294117647058824
CSPD;2022;11;12;25;0,48
CSPD;2022;12;18;32;0,5625
CSPD;2023;1;11;36;0,3055555555555556
CSPD;2023;2;8;23;0,34782608695652173
CSPD;2023;3;22;37;0,5945945945945946
CSPD;2023;4;17;31;0,5483870967741935
CSPD;2023;5;15;43;0,3488372093023256
CSPD;2023;6;6;31;0,1935483870967742
CSPD;2023;7;12;30;0,4
CSPD;2023;8;22;42;0,5238095238095238
CSPD;2023;9;11;33;0,3333333333333333
CSPD;2023;10;14;39;0,358974358974359
CSPD;2023;11;7;31;0,22580645161290322
CSPD;2023;12;16;41;0,3902439024390244
CSPD;2024;1;19;45;0,4222222222222222
CSPD;2024;2;4;31;0,12903225806451613
CSPD;2024;3;23;45;0,5111111111111111
CSPD;2024;4;6;50;0,12
CSPD;2024;5;12;47;0,2553191489361702
CSPD;2024;6;8;28;0,2857142857142857
CSPD;2024;7;8;40;0,2
CSSFA;2019;1;0;5;0,0
CSSFA;2019;2;0;12;0,0
CSSFA;2019;3;1;10;0,1
CSSFA;2019;4;5;13;0,38461538461538464
CSSFA;2019;5;3;13;0,23076923076923078
CSSFA;2019;6;4;15;0,26666666666666666
CSSFA;2019;7;2;26;0,07692307692307693
CSSFA;2019;8;3;14;0,21428571428571427
CSSFA;2019;9;4;14;0,2857142857142857
CSSFA;2019;10;9;21;0,42857142857142855
CSSFA;2019;11;14;35;0,4
CSSFA;2019;12;10;28;0,35714285714285715
CSSFA;2020;1;2;7;0,2857142857142857
CSSFA;2020;2;5;15;0,3333333333333333
CSSFA;2020;3;6;31;0,1935483870967742
CSSFA;2020;4;5;10;0,5
CSSFA;2020;5;1;13;0,07692307692307693
CSSFA;2020;6;3;11;0,2727272727272727
CSSFA;2020;7;2;10;0,2
CSSFA;2020;8;4;18;0,2222222222222222
CSSFA;2020;9;1;15;0,06666666666666667
CSSFA;2020;10;4;19;0,21052631578947367
CSSFA;2020;11;2;14;0,14285714285714285
CSSFA;2020;12;6;24;0,25
CSSFA;2021;1;4;20;0,2
CSSFA;2021;2;3;29;0,10344827586206896
CSSFA;2021;3;8;24;0,3333333333333333
CSSFA;2021;4;6;20;0,3
CSSFA;2021;5;5;32;0,15625
CSSFA;2021;6;5;29;0,1724137931034483
CSSFA;2021;7;6;25;0,24
CSSFA;2021;8;5;28;0,17857142857142858
CSSFA;2021;9;0;21;0,0
CSSFA;2021;10;6;25;0,24
CSSFA;2021;11;5;25;0,2
CSSFA;2021;12;2;17;0,11764705882352941
CSSFA;2022;1;6;22;0,2727272727272727
CSSFA;2022;2;5;13;0,38461538461538464
CSSFA;2022;3;3;23;0,13043478260869565
CSSFA;2022;4;3;30;0,1
CSSFA;2022;5;6;20;0,3
CSSFA;2022;6;5;26;0,19230769230769232
CSSFA;2022;7;7;32;0,21875
CSSFA;2022;8;3;23;0,13043478260869565
CSSFA;2022;9;3;27;0,1111111111111111
CSSFA;2022;10;7;23;0,30434782608695654
CSSFA;2022;11;6;23;0,2608695652173913
CSSFA;2022;12;6;27;0,2222222222222222
CSSFA;2023;1;5;13;0,38461538461538464
CSSFA;2023;2;0;12;0,0
CSSFA;2023;3;17;33;0,5151515151515151
CSSFA;2023;4;4;18;0,2222222222222222
CSSFA;2023;5;5;16;0,3125
CSSFA;2023;6;4;20;0,2
CSSFA;2023;7;4;16;0,25
CSSFA;2023;8;5;22;0,22727272727272727
CSSFA;2023;9;5;17;0,29411764705882354
CSSFA;2023;10;8;24;0,3333333333333333
CSSFA;2023;11;3;13;0,23076923076923078
CSSFA;2023;12;6;19;0,3157894736842105
CSSFA;2024;1;5;14;0,35714285714285715
CSSFA;2024;2;3;10;0,3
CSSFA;2024;3;13;30;0,43333333333333335
CSSFA;2024;4;8;24;0,3333333333333333
CSSFA;2024;5;13;24;0,5416666666666666
CSSFA;2024;6;6;12;0,5
CSSFA;2024;7;8;22;0,36363636363636365
CSSFA;2024;8;12;35;0,34285714285714286
CSSFA;2024;9;7;20;0,35
CSSFA;2024;10;10;28;0,35714285714285715
CSSFA;2024;11;6;19;0,3157894736842105
CSSFA;2024;12;6;20;0,3
CSSFA;2025;1;12;21;0,5714285714285714
CSSFA;2025;2;6;17;0,35294117647058826
CSSFA;2025;3;9;13;0,6923076923076923
CSSFA;2025;4;11;18;0,6111111111111112
CSSFA;2025;5;7;19;0,3684210526315789
CSSFA;2025;6;8;17;0,47058823529411764
CSSFA;2025;7;4;20;0,2
CSSFA;2025;8;7;26;0,2692307692307692
CSSFA;2025;9;2;15;0,13333333333333333
CSSFA;2025;10;6;16;0,375
CSSFA;2025;11;5;19;0,2631578947368421
CSSFA;2025;12;9;18;0,5
CSSFA;2026;1;5;12;0,4166666666666667
CSSFA;2026;2;8;18;0,4444444444444444
CSSFA;2026;3;10;20;0,5
CSSFE;2019;1;8;12;0,6666666666666666
CSSFE;2019;2;7;19;0,3684210526315789
CSSFE;2019;3;5;13;0,38461538461538464
CSSFE;2019;4;8;13;0,6153846153846154
CSSFE;2019;5;4;11;0,36363636363636365
CSSFE;2019;6;10;18;0,5555555555555556
CSSFE;2019;7;12;15;0,8
CSSFE;2019;8;6;12;0,5
CSSFE;2019;9;4;16;0,25
CSSFE;2019;10;7;23;0,30434782608695654
CSSFE;2019;11;0;16;0,0
CSSFE;2019;12;11;21;0,5238095238095238
CSSFE;2020;1;3;8;0,375
CSSFE;2020;2;5;17;0,29411764705882354
CSSFE;2020;3;4;12;0,3333333333333333
CSSFE;2020;4;8;13;0,6153846153846154
CSSFE;2020;5;3;10;0,3
CSSFE;2020;6;5;9;0,5555555555555556
CSSFE;2020;7;6;15;0,4
CSSFE;2020;8;3;10;0,3
CSSFE;2020;9;1;6;0,16666666666666666
CSSFE;2020;10;4;10;0,4
CSSFE;2020;11;7;16;0,4375
CSSFE;2020;12;14;28;0,5
CSSFE;2021;1;9;16;0,5625
CSSFE;2021;2;19;33;0,5757575757575758
CSSFE;2021;3;22;38;0,5789473684210527
CSSFE;2021;4;18;34;0,5294117647058824
CSSFE;2021;5;22;40;0,55
CSSFE;2021;6;25;45;0,5555555555555556
CSSFE;2021;7;8;24;0,3333333333333333
CSSFE;2021;8;24;37;0,6486486486486487
CSSFE;2021;9;31;49;0,6326530612244898
CSSFE;2021;10;37;49;0,7551020408163265
CSSFE;2021;11;20;40;0,5
CSSFE;2021;12;16;25;0,64
CSSFE;2022;1;24;42;0,5714285714285714
CSSFE;2022;2;8;17;0,47058823529411764
CSSFE;2022;3;42;51;0,8235294117647058
CSSFE;2022;4;41;44;0,9318181818181818
CSSFE;2022;5;31;43;0,7209302325581395
CSSFE;2022;6;39;48;0,8125
CSSFE;2022;7;32;44;0,7272727272727273
CSSFE;2022;8;34;61;0,5573770491803278
CSSFE;2022;9;27;44;0,6136363636363636
CSSFE;2022;10;23;36;0,6388888888888888
CSSFE;2022;11;10;27;0,37037037037037035
CSSFE;2022;12;17;27;0,6296296296296297
CSSFE;2023;1;14;23;0,6086956521739131
CSSFE;2023;2;11;35;0,3142857142857143
CSSFE;2023;3;12;27;0,4444444444444444
CSSFE;2023;4;10;20;0,5
CSSFE;2023;5;10;26;0,38461538461538464
CSSFE;2023;6;5;12;0,4166666666666667
CSSFE;2023;7;7;14;0,5
CSSFE;2023;8;3;19;0,15789473684210525
CSSFE;2023;9;5;14;0,35714285714285715
CSSFE;2023;10;4;17;0,23529411764705882
CSSFE;2023;11;3;9;0,3333333333333333
CSSFE;2023;12;2;9;0,2222222222222222
CSSFE;2024;1;3;12;0,25
CSSFE;2024;2;1;15;0,06666666666666667
CSSFE;2024;3;3;21;0,14285714285714285
CSSFE;2024;4;6;30;0,2
CSSFE;2024;5;3;18;0,16666666666666666
CSSFE;2024;6;1;13;0,07692307692307693
CSSFE;2024;7;1;18;0,05555555555555555
CSSFE;2024;8;1;11;0,09090909090909091
CSSFE;2024;9;5;16;0,3125
CSSFE;2024;10;4;11;0,36363636363636365
CSSFE;2024;11;1;16;0,0625
CSSFE;2024;12;6;12;0,5
CSSFE;2025;1;2;9;0,2222222222222222
CSSFE;2025;2;4;11;0,36363636363636365
CSSI;2019;1;32;113;0,2831858407079646
CSSI;2019;2;14;84;0,16666666666666666
CSSI;2019;3;32;92;0,34782608695652173
CSSI;2019;4;38;91;0,4175824175824176
CSSI;2019;5;40;114;0,3508771929824561
CSSI;2019;6;22;93;0,23655913978494625
CSSI;2019;7;21;80;0,2625
CSSI;2019;8;19;79;0,24050632911392406
CSSI;2019;9;16;71;0,22535211267605634
CSSI;2019;10;15;82;0,18292682926829268
CSSI;2019;11;13;56;0,23214285714285715
CSSI;2019;12;7;72;0,09722222222222222
CSSI;2020;1;10;79;0,12658227848101267
CSSI;2020;2;11;87;0,12643678160919541
CSSI;2020;3;6;72;0,08333333333333333
CSSI;2020;4;0;58;0,0
CSSI;2020;5;7;52;0,1346153846153846
CSSI;2020;6;6;60;0,1
CSSI;2020;7;10;62;0,16129032258064516
CSSI;2020;8;8;63;0,12698412698412698
CSSI;2020;9;12;69;0,17391304347826086
CSSI;2020;10;7;78;0,08974358974358974
CSSI;2020;11;7;79;0,08860759493670886
CSSI;2020;12;11;86;0,12790697674418605
CSSI;2021;1;8;69;0,11594202898550725
CSSI;2021;2;11;82;0,13414634146341464
CSSI;2021;3;9;113;0,07964601769911504
CSSI;2021;4;24;86;0,27906976744186046
CSSI;2021;5;10;65;0,15384615384615385
CSSI;2021;6;11;75;0,14666666666666667
CSSI;2021;7;19;89;0,21348314606741572
CSSI;2021;8;12;73;0,1643835616438356
CSSI;2021;9;7;74;0,0945945945945946
CSSI;2021;10;13;76;0,17105263157894737
CSSI;2021;11;8;71;0,11267605633802817
CSSI;2021;12;15;89;0,16853932584269662
CSSI;2022;1;17;75;0,22666666666666666
CSSI;2022;2;17;85;0,2
CSSI;2022;3;11;69;0,15942028985507245
CSSI;2022;4;20;95;0,21052631578947367
CSSI;2022;5;18;72;0,25
CSSI;2022;6;14;73;0,1917808219178082
CSSI;2022;7;26;75;0,3466666666666667
CSSI;2022;8;11;75;0,14666666666666667
CSSI;2022;9;22;85;0,25882352941176473
CSSI;2022;10;18;73;0,2465753424657534
CSSI;2022;11;20;72;0,2777777777777778
CSSI;2022;12;18;61;0,29508196721311475
CSSI;2023;1;8;67;0,11940298507462686
CSSI;2023;2;23;62;0,3709677419354839
CSSI;2023;3;19;73;0,2602739726027397
CSSI;2023;4;27;74;0,36486486486486486
CSSI;2023;5;7;68;0,10294117647058823
CSSI;2023;6;11;79;0,13924050632911392
CSSI;2023;7;19;76;0,25
CSSI;2023;8;9;80;0,1125
CSSI;2023;9;4;67;0,05970149253731343
CSSI;2023;10;7;70;0,1
CSSI;2023;11;9;62;0,14516129032258066
CSSI;2023;12;9;86;0,10465116279069768
CSSI;2024;1;8;74;0,10810810810810811
CSSI;2024;2;10;103;0,0970873786407767
CSSI;2024;3;11;101;0,10891089108910891
CSSI;2024;4;8;92;0,08695652173913043
CSSI;2024;5;24;107;0,22429906542056074
CSSI;2024;6;20;86;0,23255813953488372
CSSI;2024;7;14;78;0,1794871794871795
CSSI;2024;8;29;88;0,32954545454545453
CSSI;2024;9;22;74;0,2972972972972973
CSSI;2024;10;29;73;0,3972602739726027
CSSI;2024;11;24;78;0,3076923076923077
CSSI;2024;12;39;87;0,4482758620689655
CSSI;2025;1;22;70;0,3142857142857143
CSSI;2025;2;21;68;0,3088235294117647
CSSI;2025;3;28;82;0,34146341463414637
CSSI;2025;4;28;70;0,4
CSSI;2025;5;24;61;0,39344262295081966
CSSI;2025;6;25;68;0,36764705882352944
CSSI;2025;7;23;68;0,3382352941176471
CSSI;2025;8;16;70;0,22857142857142856
CSSI;2025;9;19;67;0,2835820895522388
CSSI;2025;10;26;71;0,36619718309859156
CSSI;2025;11;23;64;0,359375
CSSI;2025;12;12;63;0,19047619047619047
CSSI;2026;1;13;63;0,20634920634920634
CSSI;2026;2;12;69;0,17391304347826086
CSSI;2026;3;23;79;0,2911392405063291
HAC;2019;1;62;324;0,19135802469135801
HAC;2019;2;107;344;0,311046511627907
HAC;2019;3;83;332;0,25
HAC;2019;4;99;362;0,27348066298342544
HAC;2019;5;95;377;0,2519893899204244
HAC;2019;6;90;350;0,2571428571428571
HAC;2019;7;77;319;0,2413793103448276
HAC;2019;8;84;327;0,25688073394495414
HAC;2019;9;85;288;0,2951388888888889
HAC;2019;10;78;320;0,24375
HAC;2019;11;84;310;0,2709677419354839
HAC;2019;12;88;315;0,27936507936507937
HAC;2020;1;65;275;0,23636363636363636
HAC;2020;2;80;276;0,2898550724637681
HAC;2020;3;63;302;0,20860927152317882
HAC;2020;4;53;242;0,2190082644628099
HAC;2020;5;38;250;0,152
HAC;2020;6;45;254;0,17716535433070865
HAC;2020;7;46;261;0,17624521072796934
HAC;2020;8;50;278;0,17985611510791366
HAC;2020;9;45;256;0,17578125
HAC;2020;10;64;277;0,23104693140794225
HAC;2020;11;55;269;0,20446096654275092
HAC;2020;12;62;277;0,22382671480144403
HAC;2021;1;65;243;0,2674897119341564
HAC;2021;2;48;224;0,21428571428571427
HAC;2021;3;74;279;0,26523297491039427
HAC;2021;4;67;254;0,2637795275590551
HAC;2021;5;90;259;0,3474903474903475
HAC;2021;6;79;267;0,2958801498127341
HAC;2021;7;60;257;0,23346303501945526
HAC;2021;8;72;263;0,2737642585551331
HAC;2021;9;68;266;0,2556390977443609
HAC;2021;10;70;269;0,26022304832713755
HAC;2021;11;68;230;0,2956521739130435
HAC;2021;12;55;241;0,22821576763485477
HAC;2022;1;45;203;0,22167487684729065
HAC;2022;2;41;185;0,22162162162162163
HAC;2022;3;74;197;0,3756345177664975
HAC;2022;4;47;207;0,22705314009661837
HAC;2022;5;65;255;0,2549019607843137
HAC;2022;6;76;257;0,29571984435797666
HAC;2022;7;88;245;0,35918367346938773
HAC;2022;8;78;252;0,30952380952380953
HAC;2022;9;40;197;0,20304568527918782
HAC;2022;10;60;243;0,24691358024691357
HAC;2022;11;58;195;0,29743589743589743
HAC;2022;12;60;249;0,24096385542168675
HAC;2023;1;55;204;0,2696078431372549
HAC;2023;2;60;224;0,26785714285714285
HAC;2023;3;91;298;0,3053691275167785
HAC;2023;4;68;258;0,26356589147286824
HAC;2023;5;82;265;0,30943396226415093
HAC;2023;6;78;277;0,2815884476534296
HAC;2023;7;84;271;0,30996309963099633
HAC;2023;8;77;275;0,28
HAC;2023;9;82;283;0,28975265017667845
HAC;2023;10;91;278;0,3273381294964029
HAC;2023;11;77;235;0,3276595744680851
HAC;2023;12;75;265;0,2830188679245283
HAC;2024;1;58;262;0,22137404580152673
HAC;2024;2;83;291;0,2852233676975945
HAC;2024;3;114;307;0,3713355048859935
HAC;2024;4;122;327;0,3730886850152905
HAC;2024;5;121;311;0,3890675241157556
HAC;2024;6;92;280;0,32857142857142857
HAC;2024;7;76;291;0,2611683848797251
HAC;2024;8;108;324;0,3333333333333333
HAC;2024;9;120;293;0,40955631399317405
HAC;2024;10;96;325;0,2953846153846154
HAC;2024;11;106;330;0,3212121212121212
HAC;2024;12;108;295;0,36610169491525424
HAC;2025;1;99;318;0,3113207547169811
HAC;2025;2;85;275;0,3090909090909091
HAC;2025;3;99;323;0,3065015479876161
HAC;2025;4;116;329;0,3525835866261398
HAC;2025;5;107;328;0,32621951219512196
HAC;2025;6;92;306;0,3006535947712418
HAC;2025;7;106;326;0,32515337423312884
HAC;2025;8;80;311;0,2572347266881029
HAC;2025;9;102;310;0,32903225806451614
HAC;2025;10;67;339;0,1976401179941003
HAC;2025;11;88;304;0,2894736842105263
HAC;2025;12;79;297;0,265993265993266
HAC;2026;1;84;287;0,2926829268292683
HAC;2026;2;86;258;0,3333333333333333
HAC;2026;3;114;328;0,3475609756097561
HCM;2019;1;19;34;0,5588235294117647
HCM;2019;2;29;41;0,7073170731707317
HCM;2019;3;21;27;0,7777777777777778
HCM;2019;4;15;30;0,5
HCM;2019;5;9;28;0,32142857142857145
HCM;2019;6;21;49;0,42857142857142855
HCM;2019;7;24;48;0,5
HCM;2019;8;21;55;0,38181818181818183
HCM;2019;9;37;51;0,7254901960784313
HCM;2019;10;44;66;0,6666666666666666
HCM;2019;11;47;68;0,6911764705882353
HCM;2019;12;47;59;0,7966101694915254
HCM;2020;1;44;57;0,7719298245614035
HCM;2020;2;14;19;0,7368421052631579
HCM;2020;3;1;8;0,125
HCM;2020;4;1;6;0,16666666666666666
HCM;2020;5;1;5;0,2
HCM;2020;6;0;4;0,0
HCM;2020;7;1;6;0,16666666666666666
HCM;2020;8;0;11;0,0
HCM;2020;9;0;4;0,0
HCM;2020;10;5;5;1,0
HCM;2020;11;3;11;0,2727272727272727
HCM;2020;12;0;4;0,0
HCM;2021;1;1;3;0,3333333333333333
HCM;2021;2;3;5;0,6
HCM;2021;3;2;7;0,2857142857142857
HCM;2021;4;5;12;0,4166666666666667
HCM;2021;5;2;10;0,2
HCM;2021;6;1;3;0,3333333333333333
HCM;2021;7;1;7;0,14285714285714285
HCM;2021;8;1;7;0,14285714285714285
HCM;2021;9;1;3;0,3333333333333333
HCM;2021;10;4;4;1,0
HCM;2021;11;1;5;0,2
HCM;2021;12;0;7;0,0
HCM;2022;1;0;4;0,0
HCM;2022;2;0;4;0,0
HCM;2022;3;1;7;0,14285714285714285
HCM;2022;4;1;4;0,25
HCM;2022;5;1;7;0,14285714285714285
HCM;2022;6;0;4;0,0
HCM;2022;7;2;4;0,5
HCM;2022;8;0;3;0,0
HCM;2022;9;0;6;0,0
HCM;2022;10;2;5;0,4
HCM;2022;11;0;1;0,0
HCM;2022;12;4;5;0,8
HCM;2023;1;1;4;0,25
HCM;2023;2;0;1;0,0
HCM;2023;3;0;1;0,0
HCM;2023;4;0;2;0,0
HCM;2023;5;1;4;0,25
HCM;2023;6;2;5;0,4
HCM;2023;7;0;2;0,0
HCM;2023;8;0;5;0,0
HCM;2023;9;0;4;0,0
HCM;2023;10;1;4;0,25
HCM;2023;11;2;8;0,25
HCM;2023;12;4;4;1,0
HCM;2024;1;2;3;0,6666666666666666
HCM;2024;2;2;7;0,2857142857142857
HCM;2024;3;2;23;0,08695652173913043
HCM;2024;4;2;57;0,03508771929824561
HCM;2024;5;4;30;0,13333333333333333
HCM;2024;6;0;13;0,0
HCM;2024;7;1;14;0,07142857142857142
HCM;2024;8;0;3;0,0
HCM;2024;9;1;5;0,2
HCM;2024;10;0;2;0,0
HCM;2024;11;1;5;0,2
HCM;2024;12;1;10;0,1
HCM;2025;1;1;4;0,25
HCM;2025;2;1;10;0,1
HCM;2025;3;3;7;0,42857142857142855
HCM;2025;4;3;10;0,3
HCM;2025;5;0;6;0,0
HCM;2025;6;1;7;0,14285714285714285
HCM;2025;7;3;12;0,25
HCM;2025;8;2;9;0,2222222222222222
HCM;2025;9;9;19;0,47368421052631576
HCM;2025;10;8;12;0,6666666666666666
HCM;2025;11;12;24;0,5
HCM;2025;12;11;18;0,6111111111111112
HCM;2026;1;12;16;0,75
HCM;2026;2;18;36;0,5
HCM;2026;3;25;49;0,5102040816326531
HEM;2019;1;37;96;0,3854166666666667
HEM;2019;2;74;118;0,6271186440677966
HEM;2019;3;68;137;0,49635036496350365
HEM;2019;4;102;188;0,5425531914893617
HEM;2019;5;97;201;0,48258706467661694
HEM;2019;6;73;176;0,4147727272727273
HEM;2019;7;41;124;0,33064516129032256
HEM;2019;8;44;120;0,36666666666666664
HEM;2019;9;41;115;0,3565217391304348
HEM;2019;10;57;115;0,4956521739130435
HEM;2019;11;63;116;0,5431034482758621
HEM;2019;12;48;129;0,37209302325581395
HEM;2020;1;51;115;0,4434782608695652
HEM;2020;2;60;104;0,5769230769230769
HEM;2020;3;55;136;0,40441176470588236
HEM;2020;4;16;174;0,09195402298850575
HEM;2020;5;40;207;0,1932367149758454
HEM;2020;6;33;182;0,1813186813186813
HEM;2020;7;42;257;0,16342412451361868
HEM;2020;8;42;175;0,24
HEM;2020;9;25;143;0,17482517482517482
HEM;2020;10;24;154;0,15584415584415584
HEM;2020;11;29;150;0,19333333333333333
HEM;2020;12;48;233;0,20600858369098712
HEM;2021;1;48;206;0,23300970873786409
HEM;2021;2;39;149;0,26174496644295303
HEM;2021;3;57;305;0,18688524590163935
HEM;2021;4;27;266;0,10150375939849623
HEM;2021;5;53;241;0,21991701244813278
HEM;2021;6;27;191;0,14136125654450263
HEM;2021;7;27;195;0,13846153846153847
HEM;2021;8;28;168;0,16666666666666666
HEM;2021;9;21;134;0,15671641791044777
HEM;2021;10;25;148;0,16891891891891891
HEM;2021;11;31;170;0,18235294117647058
HEM;2021;12;27;165;0,16363636363636364
HEM;2022;1;22;205;0,1073170731707317
HEM;2022;2;20;139;0,14388489208633093
HEM;2022;3;17;119;0,14285714285714285
HEM;2022;4;16;121;0,1322314049586777
HEM;2022;5;32;146;0,2191780821917808
HEM;2022;6;33;174;0,1896551724137931
HEM;2022;7;22;164;0,13414634146341464
HEM;2022;8;39;149;0,26174496644295303
HEM;2022;9;39;188;0,2074468085106383
HEM;2022;10;38;162;0,2345679012345679
HEM;2022;11;20;176;0,11363636363636363
HEM;2022;12;38;200;0,19
HEM;2023;1;14;159;0,0880503144654088
HEM;2023;2;29;153;0,1895424836601307
HEM;2023;3;33;162;0,2037037037037037
HEM;2023;4;37;150;0,24666666666666667
HEM;2023;5;31;146;0,21232876712328766
HEM;2023;6;36;162;0,2222222222222222
HEM;2023;7;26;132;0,19696969696969696
HEM;2023;8;46;179;0,2569832402234637
HEM;2023;9;20;134;0,14925373134328357
HEM;2023;10;38;125;0,304
HEM;2023;11;43;131;0,3282442748091603
HEM;2023;12;33;139;0,23741007194244604
HEM;2024;1;43;249;0,17269076305220885
HEM;2024;2;43;376;0,11436170212765957
HEM;2024;3;45;423;0,10638297872340426
HEM;2024;4;56;377;0,14854111405835543
HEM;2024;5;41;256;0,16015625
HEM;2024;6;62;164;0,3780487804878049
HEM;2024;7;39;159;0,24528301886792453
HEM;2024;8;43;137;0,31386861313868614
HEM;2024;9;40;156;0,2564102564102564
HEM;2024;10;52;145;0,3586206896551724
HEM;2024;11;55;148;0,3716216216216216
HEM;2024;12;49;144;0,3402777777777778
HEM;2025;1;64;143;0,44755244755244755
HEM;2025;2;51;133;0,38345864661654133
HEM;2025;3;51;158;0,3227848101265823
HEM;2025;4;36;172;0,20930232558139536
HEM;2025;5;45;178;0,25280898876404495
HEM;2025;6;44;170;0,25882352941176473
HEM;2025;7;41;184;0,22282608695652173
HEM;2025;8;46;165;0,2787878787878788
HEM;2025;9;41;184;0,22282608695652173
HEM;2025;10;29;194;0,14948453608247422
HEM;2025;11;32;153;0,20915032679738563
HEM;2025;12;47;170;0,27647058823529413
HEM;2026;1;45;151;0,2980132450331126
HEM;2026;2;28;141;0,19858156028368795
HEM;2026;3;41;186;0,22043010752688172
HIJPII;2019;1;97;377;0,2572944297082228
HIJPII;2019;2;86;377;0,22811671087533156
HIJPII;2019;3;103;529;0,1947069943289225
HIJPII;2019;4;98;610;0,16065573770491803
HIJPII;2019;5;169;645;0,262015503875969
HIJPII;2019;6;133;540;0,2462962962962963
HIJPII;2019;7;104;489;0,21267893660531698
HIJPII;2019;8;106;414;0,2560386473429952
HIJPII;2019;9;114;441;0,2585034013605442
HIJPII;2019;10;104;393;0,26463104325699743
HIJPII;2019;11;132;361;0,3656509695290859
HIJPII;2019;12;135;485;0,27835051546391754
HIJPII;2020;1;104;329;0,3161094224924012
HIJPII;2020;2;109;353;0,3087818696883853
HIJPII;2020;3;154;471;0,32696390658174096
HIJPII;2020;4;67;247;0,27125506072874495
HIJPII;2020;5;81;260;0,31153846153846154
HIJPII;2020;6;104;342;0,30409356725146197
HIJPII;2020;7;105;369;0,2845528455284553
HIJPII;2020;8;91;323;0,28173374613003094
HIJPII;2020;9;90;300;0,3
HIJPII;2020;10;74;309;0,23948220064724918
HIJPII;2020;11;86;355;0,24225352112676057
HIJPII;2020;12;91;341;0,2668621700879765
HIJPII;2021;1;72;328;0,21951219512195122
HIJPII;2021;2;63;336;0,1875
HIJPII;2021;3;108;423;0,2553191489361702
HIJPII;2021;4;87;427;0,20374707259953162
HIJPII;2021;5;106;378;0,2804232804232804
HIJPII;2021;6;78;329;0,23708206686930092
HIJPII;2021;7;113;360;0,3138888888888889
HIJPII;2021;8;102;321;0,3177570093457944
HIJPII;2021;9;79;361;0,2188365650969529
HIJPII;2021;10;82;384;0,21354166666666666
HIJPII;2021;11;78;384;0,203125
HIJPII;2021;12;98;494;0,19838056680161945
HIJPII;2022;1;86;432;0,19907407407407407
HIJPII;2022;2;102;379;0,2691292875989446
HIJPII;2022;3;158;517;0,3056092843326886
HIJPII;2022;4;109;453;0,24061810154525387
HIJPII;2022;5;76;460;0,16521739130434782
HIJPII;2022;6;93;411;0,22627737226277372
HIJPII;2022;7;117;406;0,2881773399014778
HIJPII;2022;8;119;391;0,30434782608695654
HIJPII;2022;9;119;401;0,2967581047381546
HIJPII;2022;10;132;393;0,33587786259541985
HIJPII;2022;11;124;455;0,2725274725274725
HIJPII;2022;12;76;377;0,20159151193633953
HIJPII;2023;1;80;330;0,24242424242424243
HIJPII;2023;2;85;445;0,19101123595505617
HIJPII;2023;3;98;530;0,18490566037735848
HIJPII;2023;4;81;475;0,1705263157894737
HIJPII;2023;5;72;487;0,14784394250513347
HIJPII;2023;6;101;396;0,255050505050505
HIJPII;2023;7;85;451;0,188470066518847
HIJPII;2023;8;102;374;0,2727272727272727
HIJPII;2023;9;103;400;0,2575
HIJPII;2023;10;96;354;0,2711864406779661
HIJPII;2023;11;89;337;0,26409495548961426
HIJPII;2023;12;101;338;0,2988165680473373
HIJPII;2024;1;82;313;0,26198083067092653
HIJPII;2024;2;71;413;0,17191283292978207
HIJPII;2024;3;165;606;0,2722772277227723
HIJPII;2024;4;240;609;0,39408866995073893
HIJPII;2024;5;134;498;0,26907630522088355
HIJPII;2024;6;81;400;0,2025
HIJPII;2024;7;134;389;0,3444730077120823
HIJPII;2024;8;117;350;0,3342857142857143
HIJPII;2024;9;118;395;0,29873417721518986
HIJPII;2024;10;140;385;0,36363636363636365
HIJPII;2024;11;119;354;0,3361581920903955
HIJPII;2024;12;120;403;0,2977667493796526
HIJPII;2025;1;164;344;0,47674418604651164
HIJPII;2025;2;127;346;0,3670520231213873
HIJPII;2025;3;123;450;0,2733333333333333
HIJPII;2025;4;199;539;0,3692022263450835
HIJPII;2025;5;203;568;0,3573943661971831
HIJPII;2025;6;195;503;0,38767395626242546
HIJPII;2025;7;141;383;0,3681462140992167
HIJPII;2025;8;123;319;0,38557993730407525
HIJPII;2025;9;88;301;0,292358803986711
HIJPII;2025;10;119;332;0,35843373493975905
HIJPII;2025;11;125;348;0,35919540229885055
HIJPII;2025;12;126;373;0,3378016085790885
HIJPII;2026;1;103;289;0,356401384083045
HIJPII;2026;2;105;244;0,430327868852459
HIJPII;2026;3;129;393;0,3282442748091603
HJK;2019;1;217;803;0,27023661270236615
HJK;2019;2;220;879;0,2502844141069397
HJK;2019;3;222;961;0,23100936524453694
HJK;2019;4;280;968;0,2892561983471074
HJK;2019;5;221;1016;0,21751968503937008
HJK;2019;6;245;924;0,26515151515151514
HJK;2019;7;215;860;0,25
HJK;2019;8;202;915;0,22076502732240438
HJK;2019;9;236;910;0,25934065934065936
HJK;2019;10;288;928;0,3103448275862069
HJK;2019;11;287;892;0,3217488789237668
HJK;2019;12;292;911;0,3205268935236004
HJK;2020;1;208;846;0,2458628841607565
HJK;2020;2;228;817;0,27906976744186046
HJK;2020;3;230;897;0,2564102564102564
HJK;2020;4;111;573;0,193717277486911
HJK;2020;5;157;689;0,22786647314949202
HJK;2020;6;89;601;0,1480865224625624
HJK;2020;7;135;595;0,226890756302521
HJK;2020;8;114;503;0,22664015904572565
HJK;2020;9;187;569;0,3286467486818981
HJK;2020;10;175;606;0,2887788778877888
HJK;2020;11;136;556;0,2446043165467626
HJK;2020;12;159;598;0,26588628762541805
HJK;2021;1;122;566;0,21554770318021202
HJK;2021;2;111;528;0,21022727272727273
HJK;2021;3;204;728;0,2802197802197802
HJK;2021;4;172;597;0,288107202680067
HJK;2021;5;135;550;0,24545454545454545
HJK;2021;6;164;583;0,28130360205831906
HJK;2021;7;131;655;0,2
HJK;2021;8;114;597;0,19095477386934673
HJK;2021;9;120;462;0,2597402597402597
HJK;2021;10;131;583;0,22469982847341338
HJK;2021;11;194;562;0,34519572953736655
HJK;2021;12;207;633;0,32701421800947866
HJK;2022;1;160;598;0,26755852842809363
HJK;2022;2;202;478;0,4225941422594142
HJK;2022;3;136;561;0,24242424242424243
HJK;2022;4;166;558;0,2974910394265233
HJK;2022;5;227;595;0,3815126050420168
HJK;2022;6;185;568;0,3257042253521127
HJK;2022;7;195;574;0,3397212543554007
HJK;2022;8;237;663;0,3574660633484163
HJK;2022;9;204;706;0,28895184135977336
HJK;2022;10;206;703;0,2930298719772404
HJK;2022;11;191;623;0,30658105939004815
HJK;2022;12;182;692;0,2630057803468208
HJK;2023;1;171;650;0,2630769230769231
HJK;2023;2;170;668;0,25449101796407186
HJK;2023;3;190;783;0,24265644955300128
HJK;2023;4;163;724;0,22513812154696133
HJK;2023;5;238;837;0,2843488649940263
HJK;2023;6;255;783;0,32567049808429116
HJK;2023;7;200;837;0,23894862604540024
HJK;2023;8;216;912;0,23684210526315788
HJK;2023;9;249;841;0,29607609988109396
HJK;2023;10;227;924;0,24567099567099568
HJK;2023;11;246;911;0,270032930845225
HJK;2023;12;262;927;0,2826321467098166
HJK;2024;1;233;912;0,25548245614035087
HJK;2024;2;244;1020;0,23921568627450981
HJK;2024;3;243;1213;0,20032976092333057
HJK;2024;4;238;1116;0,2132616487455197
HJK;2024;5;245;1157;0,21175453759723423
HJK;2024;6;335;1056;0,3172348484848485
HJK;2024;7;306;1048;0,2919847328244275
HJK;2024;8;336;1060;0,3169811320754717
HJK;2024;9;346;994;0,34808853118712274
HJK;2024;10;376;1085;0,34654377880184334
HJK;2024;11;323;991;0,32593340060544906
HJK;2024;12;317;1058;0,2996219281663516
HJK;2025;1;254;1037;0,24493731918997108
HJK;2025;2;279;972;0,28703703703703703
HJK;2025;3;302;1105;0,27330316742081445
HJK;2025;4;312;1054;0,29601518026565465
HJK;2025;5;319;1049;0,30409914204003813
HJK;2025;6;279;1042;0,2677543186180422
HJK;2025;7;307;1102;0,27858439201451907
HJK;2025;8;267;1088;0,24540441176470587
HJK;2025;9;254;1079;0,23540315106580167
HJK;2025;10;331;1091;0,30339138405132904
HJK;2025;11;310;995;0,31155778894472363
HJK;2025;12;351;1122;0,31283422459893045
HJK;2026;1;291;1056;0,2755681818181818
HJK;2026;2;273;1098;0,24863387978142076
HJK;2026;3;265;1122;0,23618538324420676
HJXXIII;2019;1;350;1002;0,34930139720558884
HJXXIII;2019;2;314;896;0,35044642857142855
HJXXIII;2019;3;333;1024;0,3251953125
HJXXIII;2019;4;366;1053;0,3475783475783476
HJXXIII;2019;5;354;1096;0,32299270072992703
HJXXIII;2019;6;341;1021;0,3339862879529873
HJXXIII;2019;7;444;1062;0,4180790960451977
HJXXIII;2019;8;371;1008;0,3680555555555556
HJXXIII;2019;9;357;1002;0,3562874251497006
HJXXIII;2019;10;395;1040;0,3798076923076923
HJXXIII;2019;11;371;982;0,37780040733197556
HJXXIII;2019;12;412;1070;0,3850467289719626
HJXXIII;2020;1;421;962;0,4376299376299376
HJXXIII;2020;2;391;941;0,4155154091392136
HJXXIII;2020;3;345;952;0,36239495798319327
HJXXIII;2020;4;288;726;0,39669421487603307
HJXXIII;2020;5;315;813;0,3874538745387454
HJXXIII;2020;6;373;991;0,3763874873864783
HJXXIII;2020;7;365;970;0,37628865979381443
HJXXIII;2020;8;367;987;0,3718338399189463
HJXXIII;2020;9;404;1003;0,40279162512462613
HJXXIII;2020;10;411;1069;0,3844714686623012
HJXXIII;2020;11;407;991;0,4106962663975782
HJXXIII;2020;12;479;1079;0,4439295644114921
HJXXIII;2021;1;435;995;0,4371859296482412
HJXXIII;2021;2;364;875;0,416
HJXXIII;2021;3;467;1088;0,42922794117647056
HJXXIII;2021;4;438;1103;0,3970988213961922
HJXXIII;2021;5;498;1093;0,4556267154620311
HJXXIII;2021;6;479;1128;0,424645390070922
HJXXIII;2021;7;502;1155;0,43463203463203465
HJXXIII;2021;8;488;1080;0,45185185185185184
HJXXIII;2021;9;459;1046;0,43881453154875716
HJXXIII;2021;10;368;1019;0,36113837095191365
HJXXIII;2021;11;463;1046;0,44263862332695986
HJXXIII;2021;12;467;1076;0,4340148698884758
HJXXIII;2022;1;507;1049;0,4833174451858913
HJXXIII;2022;2;439;930;0,4720430107526882
HJXXIII;2022;3;450;1112;0,40467625899280574
HJXXIII;2022;4;392;1046;0,37476099426386233
HJXXIII;2022;5;420;1015;0,41379310344827586
HJXXIII;2022;6;455;1004;0,4531872509960159
HJXXIII;2022;7;438;1059;0,41359773371104813
HJXXIII;2022;8;430;977;0,44012282497441146
HJXXIII;2022;9;448;1023;0,43792766373411535
HJXXIII;2022;10;403;982;0,4103869653767821
HJXXIII;2022;11;404;1005;0,4019900497512438
HJXXIII;2022;12;480;1014;0,47337278106508873
HJXXIII;2023;1;478;969;0,4932920536635707
HJXXIII;2023;2;503;935;0,5379679144385027
HJXXIII;2023;3;431;1049;0,41086749285033364
HJXXIII;2023;4;363;956;0,3797071129707113
HJXXIII;2023;5;438;1100;0,3981818181818182
HJXXIII;2023;6;387;938;0,4125799573560768
HJXXIII;2023;7;388;989;0,3923154701718908
HJXXIII;2023;8;426;978;0,43558282208588955
HJXXIII;2023;9;382;985;0,38781725888324875
HJXXIII;2023;10;407;1081;0,37650323774283073
HJXXIII;2023;11;379;1013;0,3741362290227048
HJXXIII;2023;12;477;1036;0,46042471042471045
HJXXIII;2024;1;454;919;0,4940152339499456
HJXXIII;2024;2;457;911;0,5016465422612514
HJXXIII;2024;3;522;1108;0,4711191335740072
HJXXIII;2024;4;464;1072;0,43283582089552236
HJXXIII;2024;5;444;1115;0,39820627802690584
HJXXIII;2024;6;463;992;0,46673387096774194
HJXXIII;2024;7;489;1072;0,45615671641791045
HJXXIII;2024;8;455;988;0,4605263157894737
HJXXIII;2024;9;500;976;0,5122950819672131
HJXXIII;2024;10;492;1009;0,48761149653121905
HJXXIII;2024;11;507;952;0,532563025210084
HJXXIII;2024;12;519;1043;0,49760306807286675
HJXXIII;2025;1;604;1157;0,5220397579948142
HJXXIII;2025;2;526;994;0,5291750503018109
HJXXIII;2025;3;499;1101;0,45322434150772023
HJXXIII;2025;4;552;1166;0,4734133790737564
HJXXIII;2025;5;530;1182;0,44839255499153974
HJXXIII;2025;6;536;1142;0,46935201401050786
HJXXIII;2025;7;500;1169;0,42771599657827203
HJXXIII;2025;8;578;1200;0,4816666666666667
HJXXIII;2025;9;544;1105;0,49230769230769234
HJXXIII;2025;10;589;1215;0,48477366255144033
HJXXIII;2025;11;533;1027;0,5189873417721519
HJXXIII;2025;12;565;1157;0,48833189282627487
HJXXIII;2026;1;543;1022;0,5313111545988258
HJXXIII;2026;2;456;962;0,47401247401247404
HJXXIII;2026;3;589;1182;0,4983079526226734
HMAL;2019;1;86;172;0,5
HMAL;2019;2;79;175;0,4514285714285714
HMAL;2019;3;51;167;0,30538922155688625
HMAL;2019;4;70;177;0,3954802259887006
HMAL;2019;5;85;211;0,4028436018957346
HMAL;2019;6;74;182;0,4065934065934066
HMAL;2019;7;106;212;0,5
HMAL;2019;8;86;190;0,45263157894736844
HMAL;2019;9;69;183;0,3770491803278688
HMAL;2019;10;133;202;0,6584158415841584
HMAL;2019;11;87;178;0,4887640449438202
HMAL;2019;12;98;177;0,5536723163841808
HMAL;2020;1;96;185;0,518918918918919
HMAL;2020;2;76;174;0,4367816091954023
HMAL;2020;3;62;183;0,33879781420765026
HMAL;2020;4;81;141;0,574468085106383
HMAL;2020;5;98;157;0,6242038216560509
HMAL;2020;6;77;176;0,4375
HMAL;2020;7;65;210;0,30952380952380953
HMAL;2020;8;65;227;0,28634361233480177
HMAL;2020;9;77;243;0,3168724279835391
HMAL;2020;10;108;265;0,4075471698113208
HMAL;2020;11;77;214;0,3598130841121495
HMAL;2020;12;103;255;0,403921568627451
HMAL;2021;1;65;187;0,34759358288770054
HMAL;2021;2;55;202;0,2722772277227723
HMAL;2021;3;62;221;0,28054298642533937
HMAL;2021;4;76;222;0,34234234234234234
HMAL;2021;5;82;225;0,36444444444444446
HMAL;2021;6;118;226;0,5221238938053098
HMAL;2021;7;111;220;0,5045454545454545
HMAL;2021;8;91;213;0,4272300469483568
HMAL;2021;9;93;202;0,4603960396039604
HMAL;2021;10;95;195;0,48717948717948717
HMAL;2021;11;95;167;0,5688622754491018
HMAL;2021;12;106;184;0,5760869565217391
HMAL;2022;1;62;118;0,5254237288135594
HMAL;2022;2;70;147;0,47619047619047616
HMAL;2022;3;69;228;0,3026315789473684
HMAL;2022;4;58;196;0,29591836734693877
HMAL;2022;5;75;213;0,352112676056338
HMAL;2022;6;74;197;0,3756345177664975
HMAL;2022;7;93;199;0,46733668341708545
HMAL;2022;8;81;163;0,49693251533742333
HMAL;2022;9;125;206;0,6067961165048543
HMAL;2022;10;108;186;0,5806451612903226
HMAL;2022;11;84;176;0,4772727272727273
HMAL;2022;12;127;185;0,6864864864864865
HMAL;2023;1;108;182;0,5934065934065934
HMAL;2023;2;108;184;0,5869565217391305
HMAL;2023;3;124;280;0,44285714285714284
HMAL;2023;4;111;208;0,5336538461538461
HMAL;2023;5;157;239;0,6569037656903766
HMAL;2023;6;145;294;0,4931972789115646
HMAL;2023;7;165;245;0,673469387755102
HMAL;2023;8;157;272;0,5772058823529411
HMAL;2023;9;194;261;0,7432950191570882
HMAL;2023;10;200;275;0,7272727272727273
HMAL;2023;11;223;281;0,7935943060498221
HMAL;2023;12;257;317;0,8107255520504731
HMAL;2024;1;185;241;0,7676348547717843
HMAL;2024;2;156;212;0,7358490566037735
HMAL;2024;3;144;246;0,5853658536585366
HMAL;2024;4;192;256;0,75
HMAL;2024;5;146;274;0,5328467153284672
HMAL;2024;6;167;231;0,7229437229437229
HMAL;2024;7;129;225;0,5733333333333334
HMAL;2024;8;175;248;0,7056451612903226
HMAL;2024;9;153;204;0,75
HMAL;2024;10;182;248;0,7338709677419355
HMAL;2024;11;141;188;0,75
HMAL;2024;12;114;165;0,6909090909090909
HMAL;2025;1;89;127;0,7007874015748031
HMAL;2025;2;41;62;0,6612903225806451
HMAL;2025;3;19;32;0,59375
HMAL;2025;4;6;22;0,2727272727272727
HMAL;2025;5;35;75;0,4666666666666667
HMAL;2025;6;21;69;0,30434782608695654
HMAL;2025;7;34;80;0,425
HMAL;2025;8;27;71;0,38028169014084506
HMAL;2025;9;9;51;0,17647058823529413
HMAL;2025;10;27;64;0,421875
HMAL;2025;11;35;69;0,5072463768115942
HMAL;2025;12;30;42;0,7142857142857143
HMAL;2026;1;61;81;0,7530864197530864
HMAL;2026;2;31;44;0,7045454545454546
HMAL;2026;3;35;43;0,813953488372093
HRAD;2019;1;369;616;0,599025974025974
HRAD;2019;2;354;607;0,5831960461285008
HRAD;2019;3;313;639;0,48982785602503914
HRAD;2019;4;316;585;0,5401709401709401
HRAD;2019;5;327;610;0,5360655737704918
HRAD;2019;6;326;584;0,5582191780821918
HRAD;2019;7;334;604;0,5529801324503312
HRAD;2019;8;325;572;0,5681818181818182
HRAD;2019;9;324;532;0,6090225563909775
HRAD;2019;10;322;527;0,6110056925996205
HRAD;2019;11;315;531;0,5932203389830508
HRAD;2019;12;299;537;0,5567970204841713
HRAD;2020;1;276;545;0,5064220183486239
HRAD;2020;2;305;561;0,5436720142602496
HRAD;2020;3;276;588;0,46938775510204084
HRAD;2020;4;309;530;0,5830188679245283
HRAD;2020;5;333;575;0,5791304347826087
HRAD;2020;6;312;537;0,5810055865921788
HRAD;2020;7;316;526;0,6007604562737643
HRAD;2020;8;324;543;0,5966850828729282
HRAD;2020;9;365;565;0,6460176991150443
HRAD;2020;10;330;548;0,6021897810218978
HRAD;2020;11;326;514;0,6342412451361867
HRAD;2020;12;296;505;0,5861386138613861
HRAD;2021;1;303;530;0,5716981132075472
HRAD;2021;2;308;497;0,6197183098591549
HRAD;2021;3;216;517;0,41779497098646035
HRAD;2021;4;288;559;0,5152057245080501
HRAD;2021;5;256;514;0,4980544747081712
HRAD;2021;6;292;514;0,5680933852140078
HRAD;2021;7;333;586;0,568259385665529
HRAD;2021;8;343;566;0,6060070671378092
HRAD;2021;9;345;577;0,5979202772963604
HRAD;2021;10;308;524;0,5877862595419847
HRAD;2021;11;302;545;0,5541284403669725
HRAD;2021;12;292;555;0,5261261261261261
HRAD;2022;1;253;501;0,5049900199600799
HRAD;2022;2;255;540;0,4722222222222222
HRAD;2022;3;236;596;0,3959731543624161
HRAD;2022;4;263;592;0,44425675675675674
HRAD;2022;5;274;597;0,45896147403685095
HRAD;2022;6;248;578;0,4290657439446367
HRAD;2022;7;233;519;0,4489402697495183
HRAD;2022;8;251;579;0,43350604490500866
HRAD;2022;9;253;508;0,49803149606299213
HRAD;2022;10;236;506;0,466403162055336
HRAD;2022;11;293;557;0,526032315978456
HRAD;2022;12;329;579;0,5682210708117443
HRAD;2023;1;327;622;0,5257234726688103
HRAD;2023;2;246;536;0,458955223880597
HRAD;2023;3;309;656;0,47103658536585363
HRAD;2023;4;325;646;0,5030959752321982
HRAD;2023;5;361;648;0,5570987654320988
HRAD;2023;6;358;634;0,5646687697160884
HRAD;2023;7;274;594;0,4612794612794613
HRAD;2023;8;342;623;0,5489566613162119
HRAD;2023;9;377;660;0,5712121212121212
HRAD;2023;10;367;648;0,566358024691358
HRAD;2023;11;354;594;0,5959595959595959
HRAD;2023;12;415;683;0,6076134699853587
HRAD;2024;1;379;641;0,5912636505460218
HRAD;2024;2;310;565;0,5486725663716814
HRAD;2024;3;385;656;0,586890243902439
HRAD;2024;4;331;607;0,5453047775947282
HRAD;2024;5;343;636;0,539308176100629
HRAD;2024;6;361;627;0,5757575757575758
HRAD;2024;7;321;641;0,500780031201248
HRAD;2024;8;460;684;0,672514619883041
HRAD;2024;9;443;675;0,6562962962962963
HRAD;2024;10;455;714;0,6372549019607843
HRAD;2024;11;444;685;0,6481751824817519
HRAD;2024;12;443;694;0,638328530259366
HRAD;2025;1;430;683;0,6295754026354319
HRAD;2025;2;340;611;0,5564648117839607
HRAD;2025;3;353;687;0,5138282387190685
HRAD;2025;4;337;666;0,506006006006006
HRAD;2025;5;345;639;0,539906103286385
HRAD;2025;6;373;653;0,5712098009188361
HRAD;2025;7;374;671;0,5573770491803278
HRAD;2025;8;338;615;0,5495934959349593
HRAD;2025;9;423;720;0,5875
HRAD;2025;10;423;683;0,6193265007320644
HRAD;2025;11;431;699;0,6165951359084406
HRAD;2025;12;418;689;0,6066763425253991
HRAD;2026;1;436;724;0,6022099447513812
HRAD;2026;2;365;612;0,5964052287581699
HRAD;2026;3;380;702;0,5413105413105413
HRBJA;2019;1;59;185;0,31891891891891894
HRBJA;2019;2;46;171;0,26900584795321636
HRBJA;2019;3;56;183;0,30601092896174864
HRBJA;2019;4;66;198;0,3333333333333333
HRBJA;2019;5;65;194;0,33505154639175255
HRBJA;2019;6;50;161;0,3105590062111801
HRBJA;2019;7;40;184;0,21739130434782608
HRBJA;2019;8;45;188;0,2393617021276596
HRBJA;2019;9;51;167;0,30538922155688625
HRBJA;2019;10;81;207;0,391304347826087
HRBJA;2019;11;56;183;0,30601092896174864
HRBJA;2019;12;58;166;0,3493975903614458
HRBJA;2020;1;75;194;0,3865979381443299
HRBJA;2020;2;57;159;0,3584905660377358
HRBJA;2020;3;53;184;0,28804347826086957
HRBJA;2020;4;49;165;0,296969696969697
HRBJA;2020;5;49;193;0,2538860103626943
HRBJA;2020;6;44;206;0,21359223300970873
HRBJA;2020;7;67;250;0,268
HRBJA;2020;8;80;234;0,3418803418803419
HRBJA;2020;9;71;218;0,3256880733944954
HRBJA;2020;10;74;204;0,3627450980392157
HRBJA;2020;11;58;188;0,30851063829787234
HRBJA;2020;12;58;189;0,30687830687830686
HRBJA;2021;1;44;165;0,26666666666666666
HRBJA;2021;2;45;166;0,2710843373493976
HRBJA;2021;3;50;190;0,2631578947368421
HRBJA;2021;4;69;204;0,3382352941176471
HRBJA;2021;5;66;202;0,32673267326732675
HRBJA;2021;6;53;199;0,2663316582914573
HRBJA;2021;7;79;212;0,37264150943396224
HRBJA;2021;8;59;196;0,3010204081632653
HRBJA;2021;9;80;180;0,4444444444444444
HRBJA;2021;10;68;188;0,3617021276595745
HRBJA;2021;11;60;181;0,3314917127071823
HRBJA;2021;12;72;194;0,3711340206185567
HRBJA;2022;1;71;181;0,39226519337016574
HRBJA;2022;2;61;155;0,3935483870967742
HRBJA;2022;3;74;196;0,37755102040816324
HRBJA;2022;4;74;164;0,45121951219512196
HRBJA;2022;5;80;190;0,42105263157894735
HRBJA;2022;6;72;166;0,43373493975903615
HRBJA;2022;7;88;226;0,3893805309734513
HRBJA;2022;8;68;211;0,3222748815165877
HRBJA;2022;9;80;205;0,3902439024390244
HRBJA;2022;10;70;186;0,3763440860215054
HRBJA;2022;11;47;163;0,2883435582822086
HRBJA;2022;12;75;202;0,3712871287128713
HRBJA;2023;1;57;192;0,296875
HRBJA;2023;2;77;164;0,4695121951219512
HRBJA;2023;3;83;185;0,4486486486486487
HRBJA;2023;4;91;203;0,4482758620689655
HRBJA;2023;5;82;186;0,44086021505376344
HRBJA;2023;6;100;212;0,4716981132075472
HRBJA;2023;7;57;191;0,29842931937172773
HRBJA;2023;8;90;211;0,4265402843601896
HRBJA;2023;9;83;203;0,4088669950738916
HRBJA;2023;10;72;181;0,39779005524861877
HRBJA;2023;11;102;234;0,4358974358974359
HRBJA;2023;12;101;231;0,43722943722943725
HRBJA;2024;1;112;252;0,4444444444444444
HRBJA;2024;2;92;209;0,44019138755980863
HRBJA;2024;3;89;214;0,4158878504672897
HRBJA;2024;4;78;212;0,36792452830188677
HRBJA;2024;5;85;224;0,3794642857142857
HRBJA;2024;6;66;199;0,3316582914572864
HRBJA;2024;7;66;307;0,21498371335504887
HRBJA;2024;8;105;379;0,2770448548812665
HRBJA;2024;9;102;353;0,28895184135977336
HRBJA;2024;10;106;244;0,4344262295081967
HRBJA;2024;11;122;231;0,5281385281385281
HRBJA;2024;12;123;273;0,45054945054945056
HRBJA;2025;1;147;288;0,5104166666666666
HRBJA;2025;2;124;241;0,5145228215767634
HRBJA;2025;3;149;271;0,5498154981549815
HRBJA;2025;4;163;267;0,6104868913857678
HRBJA;2025;5;139;284;0,4894366197183099
HRBJA;2025;6;153;272;0,5625
HRBJA;2025;7;160;292;0,547945205479452
HRBJA;2025;8;145;275;0,5272727272727272
HRBJA;2025;9;151;247;0,611336032388664
HRBJA;2025;10;135;243;0,5555555555555556
HRBJA;2025;11;140;247;0,5668016194331984
HRBJA;2025;12;143;260;0,55
HRBJA;2026;1;137;279;0,4910394265232975
HRBJA;2026;2;141;308;0,4577922077922078
HRBJA;2026;3;145;334;0,4341317365269461
HRJP;2019;1;172;377;0,4562334217506631
HRJP;2019;2;155;375;0,41333333333333333
HRJP;2019;3;147;367;0,40054495912806537
HRJP;2019;4;155;396;0,39141414141414144
HRJP;2019;5;161;423;0,3806146572104019
HRJP;2019;6;144;392;0,3673469387755102
HRJP;2019;7;180;407;0,44226044226044225
HRJP;2019;8;165;363;0,45454545454545453
HRJP;2019;9;160;386;0,41450777202072536
HRJP;2019;10;207;405;0,5111111111111111
HRJP;2019;11;154;380;0,4052631578947368
HRJP;2019;12;181;407;0,44471744471744473
HRJP;2020;1;190;380;0,5
HRJP;2020;2;156;380;0,4105263157894737
HRJP;2020;3;186;428;0,43457943925233644
HRJP;2020;4;65;194;0,33505154639175255
HRJP;2020;5;87;268;0,3246268656716418
HRJP;2020;6;82;264;0,3106060606060606
HRJP;2020;7;95;311;0,3054662379421222
HRJP;2020;8;93;302;0,3079470198675497
HRJP;2020;9;101;281;0,3594306049822064
HRJP;2020;10;107;280;0,3821428571428571
HRJP;2020;11;99;315;0,3142857142857143
HRJP;2020;12;100;324;0,30864197530864196
HRJP;2021;1;108;306;0,35294117647058826
HRJP;2021;2;88;263;0,33460076045627374
HRJP;2021;3;124;364;0,34065934065934067
HRJP;2021;4;135;346;0,3901734104046243
HRJP;2021;5;93;299;0,3110367892976589
HRJP;2021;6;100;278;0,3597122302158273
HRJP;2021;7;100;264;0,3787878787878788
HRJP;2021;8;142;270;0,5259259259259259
HRJP;2021;9;151;263;0,5741444866920152
HRJP;2021;10;123;226;0,5442477876106194
HRJP;2021;11;162;287;0,5644599303135889
HRJP;2021;12;173;317;0,5457413249211357
HRJP;2022;1;160;314;0,5095541401273885
HRJP;2022;2;158;338;0,46745562130177515
HRJP;2022;3;171;379;0,45118733509234826
HRJP;2022;4;175;396;0,44191919191919193
HRJP;2022;5;179;419;0,42720763723150357
HRJP;2022;6;148;342;0,4327485380116959
HRJP;2022;7;188;377;0,4986737400530504
HRJP;2022;8;192;375;0,512
HRJP;2022;9;156;340;0,4588235294117647
HRJP;2022;10;170;337;0,5044510385756676
HRJP;2022;11;188;353;0,5325779036827195
HRJP;2022;12;193;369;0,5230352303523035
HRJP;2023;1;166;328;0,5060975609756098
HRJP;2023;2;149;353;0,42209631728045327
HRJP;2023;3;179;447;0,4004474272930649
HRJP;2023;4;156;401;0,38902743142144636
HRJP;2023;5;184;438;0,4200913242009132
HRJP;2023;6;214;441;0,4852607709750567
HRJP;2023;7;173;402;0,43034825870646765
HRJP;2023;8;177;377;0,46949602122015915
HRJP;2023;9;213;368;0,5788043478260869
HRJP;2023;10;236;391;0,6035805626598465
HRJP;2023;11;217;384;0,5651041666666666
HRJP;2023;12;210;370;0,5675675675675675
HRJP;2024;1;141;334;0,4221556886227545
HRJP;2024;2;172;354;0,4858757062146893
HRJP;2024;3;231;430;0,5372093023255814
HRJP;2024;4;231;461;0,5010845986984815
HRJP;2024;5;229;448;0,5111607142857143
HRJP;2024;6;203;410;0,4951219512195122
HRJP;2024;7;192;387;0,49612403100775193
HRJP;2024;8;181;368;0,49184782608695654
HRJP;2024;9;212;419;0,5059665871121718
HRJP;2024;10;237;478;0,49581589958158995
HRJP;2024;11;209;404;0,5173267326732673
HRJP;2024;12;176;375;0,4693333333333333
HRJP;2025;1;170;350;0,4857142857142857
HRJP;2025;2;155;357;0,4341736694677871
HRJP;2025;3;236;463;0,509719222462203
HRJP;2025;4;218;459;0,4749455337690632
HRJP;2025;5;251;497;0,5050301810865191
HRJP;2025;6;242;443;0,54627539503386
HRJP;2025;7;241;452;0,5331858407079646
HRJP;2025;8;220;429;0,5128205128205128
HRJP;2025;9;216;436;0,4954128440366973
HRJP;2025;10;255;481;0,5301455301455301
HRJP;2025;11;245;425;0,5764705882352941
HRJP;2025;12;251;418;0,6004784688995215
HRJP;2026;1;202;371;0,5444743935309974
HRJP;2026;2;201;398;0,5050251256281407
HRJP;2026;3;251;527;0,476280834914611
IRS;2019;1;6;10;0,6
IRS;2019;2;5;17;0,29411764705882354
IRS;2019;3;11;35;0,3142857142857143
IRS;2019;4;25;113;0,22123893805309736
IRS;2019;5;14;84;0,16666666666666666
IRS;2019;6;28;97;0,28865979381443296
IRS;2019;7;37;104;0,3557692307692308
IRS;2019;8;39;99;0,3939393939393939
IRS;2019;9;26;86;0,3023255813953488
IRS;2019;10;34;87;0,39080459770114945
IRS;2019;11;24;81;0,2962962962962963
IRS;2019;12;20;85;0,23529411764705882
IRS;2020;1;36;90;0,4
IRS;2020;2;27;87;0,3103448275862069
IRS;2020;3;25;98;0,25510204081632654
IRS;2020;4;31;82;0,3780487804878049
IRS;2020;5;27;77;0,35064935064935066
IRS;2020;6;45;94;0,4787234042553192
IRS;2020;7;45;111;0,40540540540540543
IRS;2020;8;45;104;0,4326923076923077
IRS;2020;9;50;114;0,43859649122807015
IRS;2020;10;55;125;0,44
IRS;2020;11;54;123;0,43902439024390244
IRS;2020;12;59;124;0,47580645161290325
IRS;2021;1;41;104;0,3942307692307692
IRS;2021;2;44;97;0,4536082474226804
IRS;2021;3;48;128;0,375
IRS;2021;4;27;107;0,2523364485981308
IRS;2021;5;36;105;0,34285714285714286
IRS;2021;6;42;103;0,4077669902912621
IRS;2021;7;41;125;0,328
IRS;2021;8;43;117;0,36752136752136755
IRS;2021;9;40;110;0,36363636363636365
IRS;2021;10;37;117;0,3162393162393162
IRS;2021;11;39;115;0,3391304347826087
IRS;2021;12;40;113;0,35398230088495575
IRS;2022;1;33;89;0,3707865168539326
IRS;2022;2;25;65;0,38461538461538464
IRS;2022;3;28;104;0,2692307692307692
IRS;2022;4;43;94;0,4574468085106383
IRS;2022;5;49;121;0,4049586776859504
IRS;2022;6;34;93;0,3655913978494624
IRS;2022;7;38;89;0,42696629213483145
IRS;2022;8;41;94;0,43617021276595747
IRS;2022;9;41;95;0,43157894736842106
IRS;2022;10;39;89;0,43820224719101125
IRS;2022;11;61;115;0,5304347826086957
IRS;2022;12;34;67;0,5074626865671642
IRS;2023;1;43;95;0,45263157894736844
IRS;2023;2;37;78;0,47435897435897434
IRS;2023;3;38;97;0,3917525773195876
IRS;2023;4;32;78;0,41025641025641024
IRS;2023;5;50;106;0,4716981132075472
IRS;2023;6;33;92;0,358695652173913
IRS;2023;7;28;90;0,3111111111111111
IRS;2023;8;30;80;0,375
IRS;2023;9;31;87;0,3563218390804598
IRS;2023;10;37;109;0,3394495412844037
IRS;2023;11;32;95;0,3368421052631579
IRS;2023;12;33;86;0,38372093023255816
IRS;2024;1;34;81;0,41975308641975306
IRS;2024;2;50;93;0,5376344086021505
IRS;2024;3;29;81;0,35802469135802467
IRS;2024;4;26;75;0,3466666666666667
IRS;2024;5;26;74;0,35135135135135137
IRS;2024;6;22;72;0,3055555555555556
IRS;2024;7;30;82;0,36585365853658536
IRS;2024;8;28;73;0,3835616438356164
IRS;2024;9;27;71;0,38028169014084506
IRS;2024;10;24;76;0,3157894736842105
IRS;2024;11;30;69;0,43478260869565216
IRS;2024;12;30;67;0,44776119402985076
IRS;2025;1;29;66;0,4393939393939394
IRS;2025;2;20;50;0,4
IRS;2025;3;25;82;0,3048780487804878
IRS;2025;4;23;67;0,34328358208955223
IRS;2025;5;27;84;0,32142857142857145
IRS;2025;6;22;72;0,3055555555555556
IRS;2025;7;30;81;0,37037037037037035
IRS;2025;8;22;70;0,3142857142857143
IRS;2025;9;25;66;0,3787878787878788
IRS;2025;10;27;90;0,3
IRS;2025;11;24;73;0,3287671232876712
IRS;2025;12;14;77;0,18181818181818182
IRS;2026;1;16;61;0,26229508196721313
IRS;2026;2;19;66;0,2878787878787879
IRS;2026;3;28;93;0,3010752688172043
MOV;2019;1;211;552;0,3822463768115942
MOV;2019;2;251;493;0,5091277890466531
MOV;2019;3;217;550;0,39454545454545453
MOV;2019;4;221;580;0,3810344827586207
MOV;2019;5;246;588;0,41836734693877553
MOV;2019;6;211;536;0,39365671641791045
MOV;2019;7;196;549;0,3570127504553734
MOV;2019;8;257;589;0,4363327674023769
MOV;2019;9;262;573;0,4572425828970332
MOV;2019;10;295;598;0,49331103678929766
MOV;2019;11;203;544;0,37316176470588236
MOV;2019;12;246;542;0,45387453874538747
MOV;2020;1;222;525;0,4228571428571429
MOV;2020;2;225;551;0,40834845735027225
MOV;2020;3;191;557;0,34290843806104127
MOV;2020;4;220;513;0,42884990253411304
MOV;2020;5;231;539;0,42857142857142855
MOV;2020;6;201;536;0,375
MOV;2020;7;186;550;0,3381818181818182
MOV;2020;8;223;510;0,4372549019607843
MOV;2020;9;269;486;0,5534979423868313
MOV;2020;10;263;500;0,526
MOV;2020;11;275;517;0,5319148936170213
MOV;2020;12;263;507;0,5187376725838264
MOV;2021;1;231;519;0,44508670520231214
MOV;2021;2;232;511;0,45401174168297453
MOV;2021;3;240;547;0,43875685557586835
MOV;2021;4;185;550;0,33636363636363636
MOV;2021;5;213;582;0,36597938144329895
MOV;2021;6;199;551;0,36116152450090744
MOV;2021;7;193;553;0,34900542495479203
MOV;2021;8;207;617;0,3354943273905997
MOV;2021;9;227;561;0,40463458110516937
MOV;2021;10;223;494;0,451417004048583
MOV;2021;11;217;556;0,3902877697841727
MOV;2021;12;234;532;0,4398496240601504
MOV;2022;1;199;471;0,42250530785562634
MOV;2022;2;193;481;0,40124740124740127
MOV;2022;3;173;558;0,3100358422939068
MOV;2022;4;147;498;0,29518072289156627
MOV;2022;5;195;571;0,3415061295971979
MOV;2022;6;164;547;0,29981718464351004
MOV;2022;7;185;575;0,3217391304347826
MOV;2022;8;156;525;0,29714285714285715
MOV;2022;9;164;504;0,3253968253968254
MOV;2022;10;187;488;0,3831967213114754
MOV;2022;11;195;532;0,36654135338345867
MOV;2022;12;191;561;0,3404634581105169
MOV;2023;1;160;523;0,30592734225621415
MOV;2023;2;187;512;0,365234375
MOV;2023;3;174;614;0,28338762214983715
MOV;2023;4;126;538;0,2342007434944238
MOV;2023;5;124;546;0,2271062271062271
MOV;2023;6;133;632;0,21044303797468356
MOV;2023;7;138;580;0,23793103448275862
MOV;2023;8;199;599;0,332220367278798
MOV;2023;9;191;561;0,3404634581105169
MOV;2023;10;212;634;0,334384858044164
MOV;2023;11;214;595;0,3596638655462185
MOV;2023;12;214;635;0,33700787401574805
MOV;2024;1;202;569;0,35500878734622143
MOV;2024;2;179;606;0,2953795379537954
MOV;2024;3;157;650;0,24153846153846154
MOV;2024;4;169;618;0,27346278317152106
MOV;2024;5;201;631;0,3185419968304279
MOV;2024;6;184;558;0,32974910394265233
MOV;2024;7;199;569;0,34973637961335674
MOV;2024;8;177;581;0,3046471600688468
MOV;2024;9;206;628;0,32802547770700635
MOV;2024;10;237;540;0,4388888888888889
MOV;2024;11;185;516;0,35852713178294576
MOV;2024;12;206;541;0,3807763401109057
MOV;2025;1;202;593;0,3406408094435076
MOV;2025;2;206;575;0,3582608695652174
MOV;2025;3;170;693;0,2453102453102453
MOV;2025;4;185;628;0,2945859872611465
MOV;2025;5;171;665;0,2571428571428571
MOV;2025;6;202;597;0,33835845896147404
MOV;2025;7;238;564;0,4219858156028369
MOV;2025;8;173;536;0,32276119402985076
MOV;2025;9;208;600;0,3466666666666667
MOV;2025;10;240;591;0,40609137055837563
MOV;2025;11;205;562;0,36476868327402134
MOV;2025;12;208;558;0,3727598566308244
MOV;2026;1;223;569;0,39191564147627417
MOV;2026;2;243;586;0,41467576791808874
MOV;2026;3;197;654;0,3012232415902141
